{
	"class_name" : "PinholeCameraParameters",
	"extrinsic" : 
	[
		-0.95868994844071409,
		-0.28325643679730794,
		0.026064799474265689,
		0.0,
		0.24431564784892634,
		-0.86687979533055826,
		-0.43454491673912021,
		0.0,
		0.14568269277748952,
		-0.41022580545419401,
		0.90027292615326238,
		0.0,
		-11025.859925334938,
		2446.9368692250464,
		16150.016039554124,
		1.0
	],
	"intrinsic" : 
	{
		"height" : 1009,
		"intrinsic_matrix" : 
		[
			873.8196324184986,
			0.0,
			0.0,
			0.0,
			873.8196324184986,
			0.0,
			959.5,
			504.0,
			1.0
		],
		"width" : 1920
	},
	"version_major" : 1,
	"version_minor" : 0
}