{
  "0": {
    "R": [
      [
        0.7359966319594544,
        -0.24966058627346882,
        0.6292682650554746
      ],
      [
        -0.47340132275363384,
        0.4746630833795785,
        0.7420149222837105
      ],
      [
        -0.48394229548516315,
        -0.8440169127086132,
        0.23116077890155168
      ]
    ],
    "t": [
      -0.26347537471015525,
      -0.12941040602376438,
      0.31811904787244694
    ],
    "center": [
      0.2866051932661411,
      0.2641447824849901,
      0.1882844974075126
    ]
  },
  "1": {
    "R": [
      [
        -0.8555391623559404,
        0.11097247734117897,
        -0.5057053004943269
      ],
      [
        -0.24646949722651917,
        0.7716825371552961,
        0.5863095161998244
      ],
      [
        0.4553081688397462,
        0.626251683528537,
        -0.6328533007462871
      ]
    ],
    "t": [
      0.3111056658102149,
      -0.24358942136349504,
      -0.17675791322720633
    ],
    "center": [
      0.28660504031771306,
      0.26414447698766486,
      0.18828475118620502
    ]
  },
  "2": {
    "R": [
      [
        -0.8621053794960184,
        0.0690977013682998,
        -0.5019958389365825
      ],
      [
        -0.2796536230265044,
        0.7612568076047445,
        0.58504865097151
      ],
      [
        0.42257326675048407,
        0.6447585443722721,
        -0.6369601664835668
      ]
    ],
    "t": [
      0.32335004654661975,
      -0.23108712166737946,
      -0.17149041068917456
    ],
    "center": [
      0.2866047268403862,
      0.26414380713512964,
      0.18828502613183107
    ]
  },
  "3": {
    "R": [
      [
        -0.28968114276493834,
        -0.7999168484229057,
        0.5255643358672332
      ],
      [
        -0.2909640636829781,
        0.596718872832407,
        0.7478412267658896
      ],
      [
        -0.9118249553348975,
        0.06371516628550083,
        -0.40560526181710665
      ]
    ],
    "t": [
      0.19536385158558356,
      -0.21503463028281683,
      0.3208727301734015
    ],
    "center": [
      0.2866056367811649,
      0.26414559929891523,
      0.18828315652876165
    ]
  },
  "4": {
    "R": [
      [
        0.885989850858917,
        -0.41619602129051536,
        -0.2044574675499508
      ],
      [
        -0.10529160722337008,
        0.24883794918527588,
        -0.9628049400026912
      ],
      [
        0.4515923622287182,
        0.8745630605663672,
        0.17664594948505102
      ]
    ],
    "t": [
      -0.10549749955715451,
      0.14572795953036927,
      -0.39369996350227643
    ],
    "center": [
      0.2866055415023199,
      0.26414515886514034,
      0.1882833516051335
    ]
  },
  "5": {
    "R": [
      [
        0.21909129514512266,
        0.6523573411280763,
        0.7255542046380405
      ],
      [
        0.06034848513925639,
        0.7331369410327743,
        -0.677398173923213
      ],
      [
        -0.9738362617673619,
        0.19219814039010155,
        0.12125514462305141
      ]
    ],
    "t": [
      -0.3717177989322524,
      -0.08340783426896287,
      0.20548741581200067
    ],
    "center": [
      0.2865847672980337,
      0.26414790024290696,
      0.18828469100690678
    ]
  },
  "6": {
    "R": [
      [
        0.9564591837638879,
        0.26162874816399123,
        0.12936857395774082
      ],
      [
        0.291506811076282,
        -0.8343273959486891,
        -0.46789055928242046
      ],
      [
        -0.014477875875052115,
        0.4852300428700002,
        -0.8742666621840983
      ]
    ],
    "t": [
      -0.3676122931194805,
      0.22491781156242413,
      0.04063546734980746
    ],
    "center": [
      0.2866293950682264,
      0.2641154865177096,
      0.18832063318092998
    ]
  },
  "7": {
    "R": [
      [
        1.0,
        0.0,
        0.0
      ],
      [
        0.0,
        1.0,
        0.0
      ],
      [
        0.0,
        0.0,
        1.0
      ]
    ],
    "t": [
      -0.28660518434099325,
      -0.2641447628076061,
      -0.18828449808455172
    ],
    "center": [
      0.28660518434099325,
      0.2641447628076061,
      0.18828449808455172
    ]
  },
  "8": {
    "R": [
      [
        0.9733046980727075,
        0.005503657456721073,
        0.22945081055466926
      ],
      [
        -0.005823108820450035,
        0.9999827898193667,
        0.0007151704286999672
      ],
      [
        -0.22944292561170998,
        -0.002032195776976671,
        0.9733199957193233
      ]
    ],
    "t": [
      -0.32360996566732525,
      -0.2626059391011897,
      -0.11696474096274839
    ],
    "center": [
      0.2866051846069637,
      0.26414476275351695,
      0.18828449810115666
    ]
  },
  "9": {
    "R": [
      [
        0.41541984992265385,
        0.7573209674724787,
        0.5038762750088445
      ],
      [
        -0.18047607152884038,
        0.611544331965332,
        -0.7703518142034799
      ],
      [
        -0.8915462612202222,
        0.2290818243938718,
        0.39072596770194146
      ]
    ],
    "t": [
      -0.41399345286881045,
      0.035256930560197075,
      0.12155448772557567
    ],
    "center": [
      0.28671557944766835,
      0.2641188223958584,
      0.18826722448479044
    ]
  },
  "10": {
    "R": [
      [
        -0.24319216132377186,
        0.6664015660404939,
        0.7048166608767483
      ],
      [
        0.48230679105365587,
        0.71351498107753,
        -0.5082091410841176
      ],
      [
        -0.8415686139431515,
        0.21634538256387312,
        -0.49493125125525644
      ]
    ],
    "t": [
      -0.23847196489724623,
      -0.2303577232802072,
      0.28338802833061955
    ],
    "center": [
      0.2915990519614969,
      0.26197208602840893,
      0.1912667047737009
    ]
  },
  "11": {
    "R": [
      [
        -0.9149639783629174,
        -0.3518480121323205,
        0.19759527994574477
      ],
      [
        -0.34936727587406274,
        0.9357315211857677,
        0.04846675982263823
      ],
      [
        -0.2019490649808493,
        -0.0246879852945366,
        -0.9790848168240878
      ]
    ],
    "t": [
      0.3200814234961445,
      -0.15261535890465808,
      0.26416566735631686
    ],
    "center": [
      0.29289216996768563,
      0.2619487326327837,
      0.20279078749889706
    ]
  },
  "12": {
    "R": [
      [
        -0.7271134897952826,
        -0.16768203870500276,
        -0.6657241972870294
      ],
      [
        -0.5061595506057837,
        0.7860592298145925,
        0.3548427772321725
      ],
      [
        0.46379788948234424,
        0.5949736306081338,
        -0.656428135131866
      ]
    ],
    "t": [
      0.25178760431006775,
      -0.06472251119778709,
      -0.30353293050899116
    ],
    "center": [
      0.2910961790335985,
      0.2736900757892204,
      -0.008660139136120154
    ]
  },
  "13": {
    "R": [
      [
        -0.33502104952941764,
        -0.009908276039624409,
        -0.9421585442154257
      ],
      [
        0.9420369219045576,
        0.015678562608588242,
        -0.3351426866919746
      ],
      [
        0.01809237797510327,
        -0.9998279895764326,
        0.004081313361506411
      ]
    ],
    "t": [
      0.14784376203119695,
      -0.2916639613940667,
      0.24123227103389225
    ],
    "center": [
      0.31992452731688764,
      0.24722852505310097,
      0.040558675482815304
    ]
  },
  "14": {
    "R": [
      [
        0.6541909079669875,
        0.3960936633052173,
        -0.6443167433978273
      ],
      [
        -0.41115916626744037,
        0.9012711190106262,
        0.1365961567233761
      ],
      [
        0.6348089444294179,
        0.17555677123593671,
        0.7524609120383737
      ]
    ],
    "t": [
      -0.2527191488177291,
      -0.16215816798136548,
      -0.3545455225556185
    ],
    "center": [
      0.32372242120074923,
      0.30849179415189143,
      0.12610065082837052
    ]
  },