{
  "0": {
    "R": [
      [
        0.1665184128680003,
        -0.3552454989458407,
        -0.9198218597395056
      ],
      [
        0.6086530559351548,
        0.7709486152137355,
        -0.18756249678659215
      ],
      [
        0.7757661217639755,
        -0.5286197765679448,
        0.3445983983487687
      ]
    ],
    "t": [
      -0.3148772649119578,
      -0.3794074478066124,
      -3.2489023677998494
    ],
    "center": [
      2.803748754811295,
      -1.5367891283494877,
      0.7587729527243076
    ]
  },
  "1": {
    "R": [
      [
        -0.48285791143146556,
        -0.25715803895309536,
        0.8370889919057836
      ],
      [
        0.14632873051721962,
        0.9187757022042714,
        0.36665939462158326
      ],
      [
        -0.8633864372303179,
        0.29953455900921566,
        -0.40600850725802873
      ]
    ],
    "t": [
      -0.04327729348493474,
      -0.10257548726887597,
      -0.2630355945962811
    ],
    "center": [
      -0.23298840759354375,
      0.16190301225174733,
      -0.03295747707702936
    ]
  },
  "2": {
    "R": [
      [
        0.25121355529154504,
        -0.1594174460317499,
        -0.9547134792902506
      ],
      [
        0.4990562484225559,
        0.8664665171778854,
        -0.013365459963254306
      ],
      [
        0.8293579507957863,
        -0.4730981425775621,
        0.29722640687104956
      ]
    ],
    "t": [
      0.07342475878247426,
      -0.054768764419081496,
      -0.373588151903398
    ],
    "center": [
      0.3187257035057432,
      -0.11758337267754475,
      0.1804078612350261
    ]
  },
  "3": {
    "R": [
      [
        0.6279532850025705,
        0.7578130598367634,
        -0.17718362846302294
      ],
      [
        -0.758078379999876,
        0.5441128584103629,
        -0.3595251967376805
      ],
      [
        -0.17604499888166092,
        0.3600841063603703,
        0.9161591535947287
      ]
    ],
    "t": [
      0.008282675618536623,
      0.08256179181987734,
      3.823156530797961
    ],
    "center": [
      0.7304347632181706,
      -1.4278575551649109,
      -3.4714692523494883
    ]
  },
  "4": {
    "R": [
      [
        0.3963669274902397,
        0.8969564086807158,
        0.19586337002752718
      ],
      [
        0.4861527645043848,
        -0.024081441640821044,
        -0.8735419702185143
      ],
      [
        -0.778812396124183,
        0.4414626655733105,
        -0.44560292475276253
      ]
    ],
    "t": [
      -0.04510369290586905,
      0.05929127483952421,
      -0.2733272834624919
    ],
    "center": [
      -0.22381768155819842,
      0.16254765691320758,
      -0.06116785859229818
    ]
  },
  "5": {
    "R": [
      [
        0.7058236224968276,
        0.31159020678037663,
        -0.6361796577728793
      ],
      [
        -0.4869734504322173,
        -0.43878994500033225,
        -0.75519549968253
      ],
      [
        -0.5144607589501813,
        0.8428374263196713,
        -0.1579721503785902
      ]
    ],
    "t": [
      0.05081144245628552,
      -0.09220326159946651,
      -2.754494479123685
    ],
    "center": [
      -1.4978437770750364,
      2.2653008256485054,
      -0.4724396982163053
    ]
  },
  "6": {
    "R": [
      [
        0.6955299369778274,
        0.6087586358845422,
        -0.381642542182618
      ],
      [
        -0.05956536041306815,
        -0.48048483320865903,
        -0.8749778813749
      ],
      [
        -0.7160237947208747,
        0.6313059862637441,
        -0.29793065820938985
      ]
    ],
    "t": [
      -0.01933486099515778,
      0.13327024269118692,
      0.5688472131371328
    ],
    "center": [
      0.4286944048545188,
      -0.28331205698733797,
      0.278706533727837
    ]
  },
  "7": {
    "R": [
      [
        0.744858000265816,
        0.6642560842829226,
        -0.06285231843877187
      ],
      [
        -0.024626792983526657,
        0.1215056815867494,
        0.9922851860274273
      ],
      [
        0.6667683859537405,
        -0.7375637083230564,
        0.1068629760833247
      ]
    ],
    "t": [
      -0.07857057504164337,
      -0.1283954821508892,
      -0.6204427082156749
    ],
    "center": [
      0.4690535355800368,
      -0.38982426158513056,
      0.1887689463778664
    ]
  },
  "8": {
    "R": [
      [
        0.6052750457959469,
        0.5754712396444415,
        -0.5499772461464242
      ],
      [
        -0.38872852146258297,
        -0.38923846280531504,
        -0.8350949381204928
      ],
      [
        -0.6946454171289326,
        0.7192539686474071,
        -0.011894244268807475
      ]
    ],
    "t": [
      0.0367113784081284,
      0.1788249272906162,
      0.6301360458520459
    ],
    "center": [
      0.48501498475799343,
      -0.40474865439857866,
      0.1770212064412452
    ]
  },
  "9": {
    "R": [
      [
        -0.21049032730620792,
        0.3285093247715426,
        0.9207472213635349
      ],
      [
        0.6615201696951072,
        0.7413245610916523,
        -0.11326499992859798
      ],
      [
        -0.7197811384004736,
        0.585251671215396,
        -0.3733571937736088
      ]
    ],
    "t": [
      0.043108605619624436,
      -0.2833091378238456,
      -2.7047025514517467
    ],
    "center": [
      -1.75030522808261,
      1.7787941317042515,
      -1.0816012929188585
    ]
  },
  "10": {
    "R": [
      [
        0.37284449777603357,
        0.16306320745681946,
        -0.9134535406095
      ],
      [
        0.5911103901736867,
        0.7170901217104654,
        0.3692834466557925
      ],
      [
        0.7152450538849248,
        -0.6776371800005988,
        0.17097475010651986
      ]
    ],
    "t": [
      0.04862612739950566,
      -0.1472709063369731,
      -0.5856445281367065
    ],
    "center": [
      0.4878027309415685,
      -0.29917712667971585,
      0.19893284297287103
    ]
  },
  "11": {
    "R": [
      [
        0.26591792507252565,
        0.15072015495180724,
        -0.9521402690866646
      ],
      [
        -0.6853839771860257,
        -0.6650016890800132,
        -0.29668427214362914
      ],
      [
        -0.6778911866529821,
        0.7314753505156772,
        -0.07353469008691804
      ]
    ],
    "t": [
      0.0902662169416609,
      0.14418476073282624,
      0.4191673656621347
    ],
    "center": [
      0.358968382562316,
      -0.22433242449987661,
      0.15954679320900506
    ]
  },
  "12": {
    "R": [
      [
        0.27347635144339055,
        0.034101582292890426,
        -0.9612740333985583
      ],
      [
        -0.37160779463428106,
        -0.9180327753224717,
        -0.13828763647111025
      ],
      [
        -0.8871968959415137,
        0.3950353218622877,
        -0.2383878401112388
      ]
    ],
    "t": [
      0.1444479507325815,
      0.3056745642750145,
      -1.480482236455537
    ],
    "center": [
      -1.2393912925136907,
      0.8605361416975449,
      -0.17180388543189873
    ]
  },
  "13": {
    "R": [
      [
        0.5540100634690852,
        0.21487668794566545,
        -0.8043014724296365
      ],
      [
        0.47367847487713194,
        0.7131293751664687,
        0.5167931856291801
      ],
      [
        0.6846178145601052,
        -0.6672889203727146,
        0.29329838856489215
      ]
    ],
    "t": [
      0.003646416113608465,
      -0.13506141521013854,
      -0.3847630975554588
    ],
    "center": [
      0.32537120492074534,
      -0.16121541914650234,
      0.18558203336355178
    ]
  },
  "14": {
    "R": [
      [
        -0.03664837827382117,
        -0.4100534184806507,
        -0.9113249093282982
      ],
      [
        0.7840729574356423,
        0.5536045840800539,
        -0.28062708690302085
      ],
      [
        0.6195857436933359,
        -0.7248297444765098,
        0.3012230863232317
      ]
    ],
    "t": [
      0.09627979883768009,
      -0.10156588248927585,
      -0.5334178227130231
    ],