{
  "0": {
    "R": [
      [
        0.2765893898362002,
        0.2269363255654318,
        0.9338084458650493
      ],
      [
        -0.9602537289991426,
        0.027282572426878537,
        0.2777920754539507
      ],
      [
        0.03756441631757057,
        -0.9735273829639475,
        0.22546252293028163
      ]
    ],
    "t": [
      -0.0019648814057136787,
      0.2332628290783024,
      -0.3467063475771966
    ],
    "center": [
      0.2375587883887705,
      -0.3434462302762598,
      0.015205545276554724
    ]
  },
  "1": {
    "R": [
      [
        0.18818031002472008,
        0.9734319655256359,
        -0.13045451089133425
      ],
      [
        -0.9396484661307526,
        0.21708945930949053,
        0.26444834420891505
      ],
      [
        0.2857427707171679,
        0.0728174096601223,
        0.9555358150447663
      ]
    ],
    "t": [
      0.29160128451398554,
      0.29375922628676543,
      -0.05740128465520331
    ],
    "center": [
      0.23755878838877004,
      -0.3434462302762621,
      0.015205545276556001
    ]
  },
  "2": {
    "R": [
      [
        0.3278849789154313,
        0.941665811159467,
        -0.07587450622580662
      ],
      [
        -0.9283955853938851,
        0.33604401976570947,
        0.15860660074804125
      ],
      [
        0.17485158741850843,
        0.018436834681859998,
        0.9844221683323376
      ]
    ],
    "t": [
      0.24667332794048624,
      0.3335498823582345,
      -0.050174145737056274
    ],
    "center": [
      0.23755878838876093,
      -0.3434462302762662,
      0.015205545276507887
    ]
  },
  "3": {
    "R": [
      [
        0.09305945570088481,
        0.9702279099068299,
        0.22360174539229238
      ],
      [
        0.9769933059043062,
        -0.04569914256599661,
        -0.20831627057651428
      ],
      [
        -0.19189585176034907,
        0.23784320719027732,
        -0.9521589105136878
      ]
    ],
    "t": [
      0.3077140401584306,
      -0.24462098177162755,
      0.14175099437152014
    ],
    "center": [
      0.23755878838875497,
      -0.34344623027624943,
      0.015205545276448539
    ]
  },
  "4": {
    "R": [
      [
        0.37855151593232206,
        0.9092302218943237,
        -0.1732026367563154
      ],
      [
        0.9210818372266748,
        -0.38848400495216984,
        -0.026237892969058936
      ],
      [
        -0.0911427392416663,
        -0.14960140871770408,
        -0.9845366522345443
      ]
    ],
    "t": [
      0.22497709323047332,
      -0.35183549081229964,
      -0.014757864523877
    ],
    "center": [
      0.23755878838843525,
      -0.34344623027659477,
      0.01520554527417113
    ]
  },
  "5": {
    "R": [
      [
        0.8515947161716441,
        0.06374095402021715,
        0.5203109937038894
      ],
      [
        0.07189953894415732,
        -0.9974016871213758,
        0.004508971839645661
      ],
      [
        0.5192464691147682,
        0.03357030396087702,
        -0.8539649518591617
      ]
    ],
    "t": [
      -0.18832383066012084,
      -0.35970277818477797,
      -0.09883696789052238
    ],
    "center": [
      0.23755878962294388,
      -0.34344623013806935,
      0.015205542639832505
    ]
  },
  "6": {
    "R": [
      [
        -0.47260296169733224,
        -0.4650499383471216,
        -0.7485819897901953
      ],
      [
        0.41243565505338065,
        -0.8673818801055737,
        0.27846993465221476
      ],
      [
        -0.7788088796589305,
        -0.1771361874599831,
        0.6017304214152237
      ]
    ],
    "t": [
      -0.03606606823810239,
      -0.40011104330863245,
      0.11502644042432245
    ],
    "center": [
      0.23755874277300337,
      -0.3434462466927395,
      0.015205578487776025
    ]
  },
  "7": {
    "R": [
      [
        1.0,
        0.0,
        0.0
      ],
      [
        0.0,
        1.0,
        0.0
      ],
      [
        0.0,
        0.0,
        1.0
      ]
    ],
    "t": [
      -0.2375587883887705,
      0.34344623027626076,
      -0.015205545276554804
    ],
    "center": [
      0.2375587883887705,
      -0.34344623027626076,
      0.015205545276554804
    ]
  },
  "8": {
    "R": [
      [
        0.9735524033544852,
        0.0013267718196029075,
        0.22845996935840798
      ],
      [
        -0.0019327756918325633,
        0.9999951825426084,
        0.0024288412256752265
      ],
      [
        -0.22845564624414824,
        -0.0028061660879555553,
        0.9735502776595854
      ]
    ],
    "t": [
      -0.2342941130019473,
      0.34386679173503254,
      0.03850451653194069
    ],
    "center": [
      0.23755878838877006,
      -0.3434462302762601,
      0.015205545276554582
    ]
  },
  "9": {
    "R": [
      [
        -0.9044466301951196,
        -0.32419358582159735,
        0.2772630737058705
      ],
      [
        -0.40917319061770924,
        0.4754877829164338,
        -0.7787738236336262
      ],
      [
        0.12063827422678142,
        -0.8178079769783059,
        -0.5627046468461361
      ]
    ],
    "t": [
      0.0993002391995314,
      0.2723487853956774,
      -0.3009760252473265
    ],
    "center": [
      0.2375588164722663,
      -0.3434466138552234,
      0.015205207428424766
    ]
  },
  "10": {
    "R": [
      [
        -0.7775548716277038,
        -0.6249248122804365,
        -0.0698383891873687
      ],
      [
        -0.34742971098462166,
        0.519524530726627,
        -0.7806323448963797
      ],
      [
        0.5241192779636783,
        -0.5827205513533387,
        -0.6210762767142965
      ]
    ],
    "t": [
      -0.028851277226871374,
      0.2728334907737443,
      -0.315199657987429
    ],
    "center": [
      0.2375592268447818,
      -0.3434468887546088,
      0.015204690936997806
    ]
  },
  "11": {
    "R": [
      [
        0.737327641320943,
        -0.15162561879179676,
        -0.6582990362062662
      ],
      [
        -0.6456392285482917,
        -0.44486218692244617,
        -0.6206831890796989
      ],
      [
        -0.19874087627778292,
        0.8826705537019932,
        -0.4259046345412969
      ]
    ],
    "t": [
      -0.21722354850073558,
      0.01002894652916726,
      0.3568394529342939
    ],
    "center": [
      0.23755859352230269,
      -0.3434468333763098,
      0.015206322687390736
    ]
  },
  "12": {
    "R": [
      [
        -0.13811877454032473,
        -0.31255180164068247,
        -0.9398056051176981
      ],
      [
        -0.934123088862185,
        -0.2742396991365571,
        0.22848772893103259
      ],
      [
        -0.3291462577245098,
        0.9094525598999952,
        -0.2540842032029865
      ]
    ],
    "t": [
      -0.060247033254981756,
      0.12424938986419606,
      0.39440899251999223
    ],
    "center": [
      0.23756122134716604,
      -0.34345247138797774,
      0.01520313414465407
    ]
  },
  "13": {
    "R": [
      [
        -0.9305438145268112,
        0.20145166317625446,
        0.30578658677157894
      ],
      [
        -0.2753246866945244,
        0.16564706665757423,
        -0.9469727378358379
      ],
      [
        -0.2414218841415447,
        -0.9653902199169315,
        -0.0986772372246234
      ]
    ],
    "t": [
      0.28559931097178026,
      0.13669320797659315,
      -0.2727145765437318
    ],
    "center": [
      0.23755842001528313,
      -0.34345327015469995,
      0.01520158195056405
    ]
  },
  "14": {
    "R": [
      [
        -0.8457442094427752,
        -0.41612942223550276,
        0.33399556306029243
      ],
      [
        -0.5022756813745872,
        0.4095929024772459,
        -0.7615463177902964
      ],
      [
        0.18009961713926348,
        -0.8118312375058079,
        -0.5554225145923407
      ]
    ],
    "t": [
      0.05291831305381943,
      0.27156430036340584,
      -0.3131966393565801
    ],
    "center": [
      0.23756209567821457,
      -0.3434727582697993,
      0.015177846227136332
    ]
  },