{
  "0": {
    "R": [
      [
        0.7359966319594544,
        -0.24966058627346882,
        0.6292682650554746
      ],
      [
        -0.47340132275363384,
        0.4746630833795785,
        0.7420149222837105
      ],
      [
        -0.48394229548516315,
        -0.8440169127086132,
        0.23116077890155168
      ]
    ],
    "t": [
      -0.31165403695021493,
      -0.1974525100860761,
      -0.5289920318441448
    ],
    "center": [
      -0.12009957610786404,
      -0.43056253388554133,
      0.46490891416924673
    ]
  },
  "1": {
    "R": [
      [
        -0.8555391623559404,
        0.11097247734117897,
        -0.5057053004943269
      ],
      [
        -0.24646949722651917,
        0.7716825371552961,
        0.5863095161998244
      ],
      [
        0.4553081688397462,
        0.626251683528537,
        -0.6328533007462871
      ]
    ],
    "t": [
      0.18013760249888588,
      0.03007618596846538,
      0.6185419715173551
    ],
    "center": [
      -0.12009957641725025,
      -0.43056253450350584,
      0.4649089146825939
    ]
  },
  "2": {
    "R": [
      [
        -0.8621055105090959,
        0.06909928849982926,
        -0.5019953954755646
      ],
      [
        -0.2796517354249821,
        0.7612576049986639,
        0.5850485156852331
      ],
      [
        0.4225742486518161,
        0.6447574328074986,
        -0.6369606402406958
      ]
    ],
    "t": [
      0.15959519246211062,
      0.02218867891431746,
      0.6244880641231157
    ],
    "center": [
      -0.1200995770513309,
      -0.43056253585846754,
      0.4649089152387109
    ]
  },
  "3": {
    "R": [
      [
        -0.28946988972463833,
        -0.8006754183933776,
        0.5245246012566003
      ],
      [
        -0.2913065612871496,
        0.5956829392989552,
        0.7485334482701584
      ],
      [
        -0.9117826880862907,
        0.06388043682339256,
        -0.4056742775890414
      ]
    ],
    "t": [
      -0.6233622078349244,
      -0.12650691013887866,
      0.10660139591475613
    ],
    "center": [
      -0.12009957521119453,
      -0.4305625322327097,
      0.4649089114570077
    ]
  },
  "4": {
    "R": [
      [
        -0.8185946719482622,
        -0.38071208527412637,
        0.43007100714201063
      ],
      [
        -0.5721217499129602,
        0.606674954235719,
        -0.5519259037041301
      ],
      [
        -0.05078844685998282,
        -0.6978565812753469,
        -0.7144345495818605
      ]
    ],
    "t": [
      -0.46217707545588654,
      0.44909519659930014,
      0.025576421084508687
    ],
    "center": [
      -0.12009957500580304,
      -0.4305625322277755,
      0.4649089114289418
    ]
  },
  "5": {
    "R": [
      [
        0.6397201210103343,
        -0.7337805997989203,
        -0.22874483192688708
      ],
      [
        -0.32169974374018573,
        -0.5259084640437852,
        0.7873560581621287
      ],
      [
        -0.6980454438301434,
        -0.4301003589929254,
        -0.5724912571752818
      ]
    ],
    "t": [
      -0.13276280858120212,
      -0.6311213311433268,
      -0.0028637624969676877
    ],
    "center": [
      -0.1200995668897546,
      -0.43056252847657617,
      0.4649089181838563
    ]
  },
  "6": {
    "R": [
      [
        0.3925345492043435,
        0.23190836732811176,
        -0.8900197395811809
      ],
      [
        0.15767672776176744,
        -0.9703307575585269,
        -0.18329285435672818
      ],
      [
        -0.9061206747466282,
        -0.06838662222324535,
        -0.41745489899821564
      ]
    ],
    "t": [
      0.5607723803768475,
      -0.3136366981601205,
      0.055809100972890414
    ],
    "center": [
      -0.12009954503502135,
      -0.43056254619490636,
      0.4649089049203518
    ]
  },
  "7": {
    "R": [
      [
        1.0,
        0.0,
        0.0
      ],
      [
        0.0,
        1.0,
        0.0
      ],
      [
        0.0,
        0.0,
        1.0
      ]
    ],
    "t": [
      0.12009957612591791,
      0.43056253392534505,
      -0.46490891417061625
    ],
    "center": [
      -0.12009957612591791,
      -0.43056253392534505,
      0.46490891417061625
    ]
  },
  "8": {
    "R": [
      [
        0.9733046980727075,
        0.005503657456721073,
        0.22945081055466926
      ],
      [
        -0.005823108820450035,
        0.9999827898193667,
        0.0007151704286999672
      ],
      [
        -0.22944292561170998,
        -0.002032195776976671,
        0.9733199957193233
      ]
    ],
    "t": [
      0.01258942318924982,
      0.4295232818579498,
      -0.4809361278245533
    ],
    "center": [
      -0.12009957612537948,
      -0.4305625339254548,
      0.46490891417065006
    ]
  },
  "9": {
    "R": [
      [
        0.560631820735199,
        -0.7439945170449194,
        -0.3635438353021997
      ],
      [
        -0.8021980180586503,
        -0.5968534632378237,
        -0.01562956313494837
      ],
      [
        -0.20535408786266987,
        0.30039657459450675,
        -0.9314459708270673
      ]
    ],
    "t": [
      -0.08398976441640243,
      -0.3460602052411379,
      0.5377132375252828
    ],
    "center": [
      -0.12009986480183488,
      -0.4305623708673804,
      0.4649080976449257
    ]
  },
  "10": {
    "R": [
      [
        0.5124613259788358,
        -0.8561029686101261,
        -0.06686625840394256
      ],
      [
        0.8553499013133333,
        0.515788108810823,
        -0.04836499904502785
      ],
      [
        0.0758942402246996,
        -0.03240885598542399,
        0.9965890478800334
      ]
    ],
    "t": [
      -0.2759689454569303,
      0.34729675566908713,
      -0.4681203509118933
    ],
    "center": [
      -0.12010919560397709,
      -0.43056061528912665,
      0.4648676112464409
    ]
  },
  "11": {
    "R": [
      [
        -0.5619868338243561,
        0.7868187657022314,
        -0.25512159561058834
      ],
      [
        0.8270444493109672,
        0.539358704954459,
        -0.15839717880621462
      ],
      [
        0.012972180695420638,
        -0.3000140285531092,
        -0.9538465836806984
      ]
    ],
    "t": [
      0.3899020337169023,
      0.4052209701488381,
      0.3159453718210137
    ],
    "center": [
      -0.12011444512890651,
      -0.43055365079105734,
      0.4650217009795647
    ]
  },
  "12": {
    "R": [
      [
        0.7106617520480363,
        -0.4853466876880277,
        0.5093117580875939
      ],
      [
        -0.6760525755157212,
        -0.671471386700595,
        0.30344536902207
      ],
      [
        0.19471206771686175,
        -0.5599685433956448,
        -0.8053089103522847
      ]
    ],
    "t": [
      -0.3585912574033798,
      -0.5106769403180055,
      0.16369847206779373
    ],
    "center": [
      -0.12228143748149259,
      -0.42528003732606834,
      0.46942513451606394
    ]
  },
  "13": {
    "R": [
      [
        0.756115343504136,
        0.6055103268706892,
        0.24828779947990504
      ],
      [
        -0.2722374732722086,
        -0.0539886920082052,
        0.9607143067955253
      ],
      [
        0.5951271674726217,
        -0.7940040712667626,
        0.12402092302438246
      ]
    ],
    "t": [
      0.2367891372497832,
      -0.49998147954591177,
      -0.32759175086498843
    ],
    "center": [
      -0.12019484374446993,
      -0.43048079790476346,
      0.46217573802150724
    ]
  },
  "14": {
    "R": [
      [
        0.9229618205557053,
        0.26264315629002,
        -0.2813539590098461
      ],
      [
        0.3041946175718756,
        -0.04990613788619576,
        0.9513017460520002
      ],
      [
        0.23581160369413198,
        -0.9636015513973087,
        -0.1259560943658603
      ]
    ],
    "t": [
      0.3540649379009571,
      -0.42469952571266173,
      -0.32812031712759426
    ],
    "center": [
      -0.12022253168640484,
      -0.43036509254148214,
      0.4623062187554417
    ]
  },