{
  "0": {
    "R": [
      [
        -0.5388833638595723,
        -0.20725245521837504,
        -0.8164870727460095
      ],
      [
        -0.7075345458557436,
        0.6373830403123207,
        0.30518474133371987
      ],
      [
        0.45716472586596024,
        0.7421517902209618,
        -0.49011338861096543
      ]
    ],
    "t": [
      -0.04760122202928091,
      -0.007335401993341672,
      0.10873043816584024
    ],
    "center": [
      -0.08054927792636568,
      -0.08588449864882222,
      0.016663113820711402
    ]
  },
  "1": {
    "R": [
      [
        0.6550955470357688,
        0.4051851868185843,
        -0.637710583757786
      ],
      [
        -0.7355301583372824,
        0.5350003342823741,
        -0.4156561421344334
      ],
      [
        0.17275766388279093,
        0.741349854455059,
        0.6485022612676257
      ]
    ],
    "t": [
      -0.0418079081616573,
      -0.01819245674569287,
      -0.06149259112845808
    ],
    "center": [
      0.024630390266330487,
      0.0722604390024855,
      0.005654932491685964
    ]
  },
  "2": {
    "R": [
      [
        0.8744655774736888,
        -0.0674981838922557,
        0.4803685553664553
      ],
      [
        -0.054025520534389415,
        0.9705593609533395,
        0.2347248815035031
      ],
      [
        -0.4820697013343571,
        -0.23121099030342943,
        0.8450741275286513
      ]
    ],
    "t": [
      0.04391790730647728,
      0.03843566503943186,
      -0.1070494395306668
    ],
    "center": [
      -0.08793348270591272,
      -0.05909072244026451,
      0.06034612310439
    ]
  },
  "3": {
    "R": [
      [
        0.2721953652604011,
        0.8246737841444699,
        0.4958052368376081
      ],
      [
        0.5923108147106254,
        -0.5496710173495715,
        0.5890922435940928
      ],
      [
        0.7583386986746699,
        0.13332262535191483,
        -0.6380811042976287
      ]
    ],
    "t": [
      0.04548934225453642,
      0.009210821992326453,
      0.15004912506145873
    ],
    "center": [
      -0.13162571584523777,
      -0.052455889405095074,
      0.06776363351520573
    ]
  },
  "4": {
    "R": [
      [
        0.00021051906578503643,
        0.5533997645340321,
        0.83291575582132
      ],
      [
        -0.7443924567579892,
        0.5562598589510517,
        -0.36939794211874144
      ],
      [
        -0.6677423350391436,
        -0.6199384404385921,
        0.41206371359662103
      ]
    ],
    "t": [
      0.07209570221896913,
      -0.02031394209082866,
      -0.12471921462158356
    ],
    "center": [
      -0.09841702237497403,
      -0.1059161494749396,
      -0.016161311976029172
    ]
  },
  "5": {
    "R": [
      [
        0.45218088365430936,
        0.8905856353784347,
        -0.04888429722515891
      ],
      [
        -0.030063829929427743,
        -0.03955782589936532,
        -0.99876490954583
      ],
      [
        -0.8914194380804037,
        0.45309204855934637,
        0.008887122408990256
      ]
    ],
    "t": [
      0.025262234479189145,
      -0.043489856132850974,
      -0.16905618393231692
    ],
    "center": [
      -0.16343053963327872,
      0.0523794653974997,
      -0.04069879264723245
    ]
  },
  "6": {
    "R": [
      [
        0.21488026806656446,
        0.7500219323377972,
        0.6255346284642584
      ],
      [
        0.927527543119613,
        0.04383313544284062,
        -0.3711755824293183
      ],
      [
        -0.30580897166390564,
        0.6599589057278687,
        -0.6862471242929463
      ]
    ],
    "t": [
      0.05811947068678864,
      0.0003151029009035593,
      0.09345846130702588
    ],
    "center": [
      0.01579944188502358,
      -0.10528343351428408,
      0.027896817312958462
    ]
  },
  "7": {
    "R": [
      [
        0.15063102279200935,
        0.8130091689539584,
        0.5624290054481783
      ],
      [
        -0.9742166464962764,
        0.0254151688857712,
        0.2241784888878878
      ],
      [
        0.167964938788374,
        -0.58169593464911,
        0.7958753790327452
      ]
    ],
    "t": [
      0.0507466440528655,
      0.021641016356321,
      0.0633280919626067
    ],
    "center": [
      0.0028021203943971867,
      -0.0049698033504448555,
      -0.08379410408340413
    ]
  },
  "8": {
    "R": [
      [
        0.3228805116517808,
        0.3175832826238387,
        0.8915654960760601
      ],
      [
        -0.5011921859560063,
        -0.7417183487856187,
        0.44571323046480804
      ],
      [
        0.8028415584236556,
        -0.5907577758037571,
        -0.08031614031608869
      ]
    ],
    "t": [
      0.08139556543535781,
      0.03843337097189873,
      -0.10159529393382026
    ],
    "center": [
      0.07454638750744734,
      -0.05736134428291513,
      -0.09785948149234654
    ]
  },
  "9": {
    "R": [
      [
        0.815964949167035,
        -0.566296054998191,
        0.11623243877818197
      ],
      [
        0.5641661230887918,
        0.7361555033883975,
        -0.3738872295090289
      ],
      [
        0.12616571360635265,
        0.3706532785831806,
        0.9201621377701535
      ]
    ],
    "t": [
      0.02230957581563503,
      -0.01719863278848082,
      -0.03831645653794301
    ],
    "center": [
      -0.003666722831661374,
      0.03949681319055198,
      0.026233906989944572
    ]
  },
  "10": {
    "R": [
      [
        0.1538562142492431,
        0.974123574618195,
        0.16556426761218923
      ],
      [
        -0.9454120413049353,
        0.09641415818376323,
        0.3112882623186289
      ],
      [
        0.28727049533936866,
        -0.20442008579096596,
        0.9357820745412297
      ]
    ],
    "t": [
      0.024334281958287667,
      0.026375199832365363,
      -0.03497489017447496
    ],
    "center": [
      0.031238705039627765,
      -0.033397110465736055,
      0.020489697589905834
    ]
  },
  "11": {
    "R": [
      [
        -0.05109043347561942,
        0.9946369886857978,
        0.08992790637683945
      ],
      [
        -0.12950555573502204,
        -0.0958834430814347,
        0.9869319512390975
      ],
      [
        0.9902616213107707,
        0.03877661770832469,
        0.1337097426445284
      ]
    ],
    "t": [
      0.006301400957946643,
      0.09565209284237731,
      0.0020035739066532375
    ],
    "center": [
      0.010725356401996785,
      0.0028261537069296746,
      -0.0952366757758478
    ]
  },
  "12": {
    "R": [
      [
        -0.4156485451144977,
        0.18720489651346417,
        0.8900509050978966
      ],
      [
        0.8657150179732752,
        -0.2186248959609105,
        0.45026732339979236
      ],
      [
        0.27887953420739486,
        0.9576833931876779,
        -0.07119497041787737
      ]
    ],
    "t": [
      0.0844300612338966,
      0.0433800013121067,
      0.00530708971507907
    ],
    "center": [
      -0.003941525207532187,
      -0.011404284288561918,
      -0.09430181140331219
    ]
  },
  "13": {
    "R": [
      [
        0.4788189699919395,
        0.006671836921263108,
        -0.8778883075699064
      ],
      [
        -0.7595952917256827,
        0.504512938842266,
        -0.41046520842687184
      ],
      [
        0.4401674530948801,
        0.8633783534076103,
        0.24663826163661318
      ]
    ],
    "t": [
      -0.08334874647534238,
      -0.0398353878613787,
      0.006279976645824627
    ],
    "center": [
      0.006885946548185108,
      0.015231561948030568,
      -0.09107081328564233
    ]
  },
  "14": {
    "R": [
      [
        0.903543675943675,
        -0.022644328216400944,
        0.4278972540947408
      ],
      [
        -0.16829058504328379,
        0.8996082680751485,
        0.4029680421529989
      ],
      [
        -0.3940648482775144,
        -0.43611030532476497,
        0.8090245342024924
      ]
    ],