{
  "0": {
    "R": [
      [
        -0.8131005807585223,
        -0.33541490471454277,
        -0.4757775606998378
      ],
      [
        -0.542350864032149,
        0.7334128660022031,
        0.40983058483477647
      ],
      [
        0.21147809781094348,
        0.5912718576744269,
        -0.7782509906633575
      ]
    ],
    "t": [
      0.24852959365036265,
      -0.16502766446250158,
      0.34445550877604536
    ],
    "center": [
      0.03973186474588529,
      0.0007270937758714346,
      0.45395102901368384
    ]
  },
  "1": {
    "R": [
      [
        0.1263444265597278,
        0.02064914326701356,
        -0.991771495234478
      ],
      [
        -0.929397828185571,
        0.351970264121777,
        -0.11107029367923066
      ],
      [
        0.3467805687192371,
        0.9357833862900031,
        0.06366075009279701
      ]
    ],
    "t": [
      0.4452047280027367,
      0.0870939563575511,
      -0.04333662072663935
    ],
    "center": [
      0.03972409580756541,
      0.0007061106596820202,
      0.45397375186899747
    ]
  },
  "2": {
    "R": [
      [
        1.0,
        0.0,
        0.0
      ],
      [
        0.0,
        1.0,
        0.0
      ],
      [
        0.0,
        0.0,
        1.0
      ]
    ],
    "t": [
      -0.03973230943952456,
      -0.0007289839843358287,
      -0.4539479000650751
    ],
    "center": [
      0.03973230943952456,
      0.0007289839843358287,
      0.4539479000650751
    ]
  },
  "3": {
    "R": [
      [
        0.3550660086668703,
        0.9075664256901683,
        0.2241680451120315
      ],
      [
        0.8343532294387308,
        -0.41580749660300786,
        0.3618823210574124
      ],
      [
        0.4216429982989617,
        0.05854322103123222,
        -0.9048700863973513
      ]
    ],
    "t": [
      -0.1153745120960878,
      -0.19752642818838717,
      0.39383574625170464
    ],
    "center": [
      0.03971429588344602,
      -0.0004793492019674085,
      0.4537147868724736
    ]
  },
  "4": {
    "R": [
      [
        0.3742941214796307,
        0.6953554174500451,
        0.6135020407860636
      ],
      [
        -0.8442785490979332,
        0.5291714080429036,
        -0.08468383814506358
      ],
      [
        -0.38353310438458893,
        -0.4862699500614491,
        0.7851394102376696
      ]
    ],
    "t": [
      -0.2931939901866907,
      0.07236160236839992,
      -0.34417997476050644
    ],
    "center": [
      0.038829721451122595,
      -0.001782040712358407,
      0.45623223194770696
    ]
  },
  "5": {
    "R": [
      [
        0.3432950955721928,
        0.782609776586074,
        -0.5192980020643003
      ],
      [
        -0.3975323910951803,
        -0.3798604678219053,
        -0.8352688327815614
      ],
      [
        -0.8509503366156144,
        0.4931814702297914,
        0.18070850017570778
      ]
    ],
    "t": [
      0.22299309089079156,
      0.395477502556006,
      -0.04659349889294457
    ],
    "center": [
      0.041013929199095946,
      -0.001311253621144707,
      0.4545497398279356
    ]
  },
  "6": {
    "R": [
      [
        0.5111408448144483,
        0.8149935766444693,
        0.2729844442282876
      ],
      [
        0.5179802138706132,
        -0.038638731551457195,
        -0.8545194827870503
      ],
      [
        -0.6858801169307396,
        0.5781803511468976,
        -0.4419003810212489
      ]
    ],
    "t": [
      -0.14399716773169746,
      0.3665698589755738,
      0.23534968714236
    ],
    "center": [
      0.045148570951394254,
      -0.004554003622139785,
      0.4565511895222548
    ]
  },
  "7": {
    "R": [
      [
        0.3601812354447604,
        0.9169720921493285,
        0.1715565791590909
      ],
      [
        -0.7469356971399985,
        0.17329576147977568,
        0.6419156045705143
      ],
      [
        0.5588886668840856,
        -0.35934768855862703,
        0.7473370703746078
      ]
    ],
    "t": [
      0.08508398858654828,
      0.2633331516225327,
      0.223773153485508
    ],
    "center": [
      0.04098299562561508,
      -0.04324179658942062,
      -0.3508683502047033
    ]
  },
  "8": {
    "R": [
      [
        0.6717786041060965,
        0.5892314045789153,
        0.4489096333597923
      ],
      [
        -0.2510750966390017,
        -0.38902445784622547,
        0.8863527892691296
      ],
      [
        0.6969037257132297,
        -0.7081428690987497,
        -0.1133969754076824
      ]
    ],
    "t": [
      -0.15992880358656353,
      -0.38337368374762876,
      -0.1271546323068406
    ],
    "center": [
      0.09979570073028676,
      -0.14495031204345796,
      0.3971789637911347
    ]
  },
  "9": {
    "R": [
      [
        0.8505720343667051,
        -0.5135492927506631,
        -0.1131120606680768
      ],
      [
        0.14176310064436534,
        0.4310693510935608,
        -0.8911130331464536
      ],
      [
        0.5063896105263027,
        0.7419207090134838,
        0.4394578749868403
      ]
    ],
    "t": [
      -0.08773868588789974,
      0.37624665146965275,
      -0.0100626992559564
    ],
    "center": [
      0.026385826986001445,
      -0.1997808150181832,
      0.3297761236728836
    ]
  },
  "10": {
    "R": [
      [
        0.15823916528285753,
        0.9660049450738059,
        -0.20443779656300776
      ],
      [
        -0.651227532655766,
        0.25773412838128323,
        0.7137757489426377
      ],
      [
        0.7422015004577043,
        0.020188243125479566,
        0.6698726502536425
      ]
    ],
    "t": [
      0.05837366498154423,
      -0.0794823921436914,
      -0.4320039900023625
    ],
    "center": [
      0.25963588743697363,
      -0.027182522392094777,
      0.3580540451292805
    ]
  },
  "11": {
    "R": [
      [
        0.08418096322814617,
        0.9617576983232374,
        -0.26064476811547505
      ],
      [
        0.20122251514600936,
        0.23977671913388576,
        0.9497455576941138
      ],
      [
        0.9759216489187517,
        -0.13239809166818778,
        -0.17334266784126368
      ]
    ],
    "t": [
      -0.08050518778033372,
      0.33916239262440967,
      -0.070270398324235
    ],
    "center": [
      0.007108297568154141,
      -0.013200428293278122,
      -0.35528209004882894
    ]
  },
  "12": {
    "R": [
      [
        0.09882573072874068,
        0.2960559465800051,
        0.9500443944577259
      ],
      [
        0.9911227943511255,
        -0.11460785092832981,
        -0.06738432327482502
      ],
      [
        0.08893301672352488,
        0.9482699599798607,
        -0.3047540016738852
      ]
    ],
    "t": [
      0.3483721832937492,
      0.026656861650364003,
      -0.09105708465803579
    ],
    "center": [
      -0.052750377554423154,
      -0.01373587283637355,
      -0.3569227962705796
    ]
  },
  "13": {
    "R": [
      [
        0.03572680284359392,
        -0.2274642482227972,
        -0.9731308295080433
      ],
      [
        -0.8854631323171381,
        0.4442561252221548,
        -0.1363507847785222
      ],
      [
        0.4633342604056999,
        0.8665428500559187,
        -0.18553935472365027
      ]
    ],
    "t": [
      -0.40929444835317574,
      -0.07191868844707001,
      -0.2482141734810451
    ],
    "center": [
      0.06594756540886057,
      0.15393868117667409,
      -0.4541567132299002
    ]
  },
  "14": {
    "R": [
      [
        0.9986459452939083,
        0.021078268867969534,
        -0.04756030413660561
      ],
      [
        -0.02080428291253364,
        0.9997640409390461,
        0.0062485404474998535
      ],
      [
        0.047680790267487616,
        -0.005250621559235835,
        0.9988488240032669
      ]
    ],
    "t": [
      -0.018103960229601212,
      -0.002738719263864531,
      -0.45531594559326455
    ],
    "center": [
      0.039732293493945234,
      0.0007289814593375295,
      0.4539478799492655
    ]
  }
}